PT_V_001;603621,18;7608706,44
PT_V_002;603666,3;7608698,62
PT_V_003;603662,67;7608612,89
PT_V_004;603483,6;7608017,64
PT_V_005;603417,09;7607986,63
PT_V_006;603437,05;7607527,08
PT_V_007;603476,46;7607495,49
PT_V_008;603412,7;7607419,95
PT_V_009;603153,43;7607304,51
PT_V_010;603093,51;7607226,05
PT_V_011;603349,07;7607041,8
PT_V_012;603440,57;7606741,91
PT_V_013;603563,01;7606687,27
PT_V_014;603784,69;7606588,33
PT_V_015;603849,85;7606525,18
PT_V_016;604006,73;7606324,33
PT_V_017;603922,46;7606168,88
PT_V_018;603910,6;7605995,33
PT_V_019;603946,29;7605861,19
PT_V_020;604026,93;7605870,34
PT_V_021;604237,79;7605793,69
PT_V_022;604429,01;7605596,96
PT_V_023;604575,59;7605374,89
PT_V_024;604672,49;7605196,49
PT_V_025;605004,27;7604977,57
PT_V_026;605006,65;7604909,12
PT_V_027;605009,11;7604797,56
PT_V_028;604907,02;7604651,76
PT_V_029;604926,79;7604614,38
PT_V_030;604846,47;7604402,61
PT_V_031;604670,57;7604157,14
PT_V_032;604704,82;7603892,47
PT_V_033;604742,03;7603890,39
PT_V_034;604795,99;7603817,48
PT_V_035;604792,4;7603775,67
PT_V_036;604832,93;7603716,17
PT_V_037;604776,77;7603674,48
PT_V_038;604777,51;7603628,92
PT_V_039;604801,34;7603614,68
PT_V_040;604824,87;7603651,71
PT_V_041;604849,28;7603637,21
PT_V_042;604859,91;7603573,68
PT_V_043;604924,11;7603539,18
PT_V_044;604918,29;7603501,13
PT_V_045;604967,01;7603489
PT_V_046;604938,79;7603457,33
PT_V_047;605013,2;7603443,36
PT_V_048;605032,54;7603510,16
PT_V_049;605097,95;7603524,81
PT_V_050;605140,2;7603458,07
PT_V_051;605168,1;7603027,43
PT_V_052;605213,72;7602942,21
PT_V_053;605165,24;7602581,39
PT_V_054;605195,34;7602509,43
PT_V_055;605258,27;7602413,15
PT_V_056;605049,01;7602304,74
PT_V_057;604927,54;7602292,87
PT_V_058;604902,98;7602250,38
PT_V_059;604759,49;7602219,6
PT_V_060;604645,86;7602326,24
PT_V_061;604587,24;7602329,38
PT_V_062;604346,95;7602484,47
PT_V_063;604311,89;7602533,66
PT_V_064;604205,46;7602521,76
PT_V_065;603912,1;7602699,85
PT_V_066;603762,9;7602719,43
PT_V_067;603655,38;7602827,1
PT_V_068;603403,95;7603236,47
PT_V_069;603036,11;7603483,38
PT_V_070;602769,79;7603522,93
PT_V_071;602782,96;7603656,29
PT_V_072;602755,05;7603863,58
PT_V_073;602639,62;7603986,56
PT_V_074;602769,51;7604017,55
PT_V_075;602519,71;7604115,73
PT_V_076;602423,29;7604213,19
PT_V_077;602375,75;7604412,5
PT_V_078;602329,67;7604442,93
PT_V_079;602361,33;7604516,84
PT_V_080;602423,32;7604552,39
PT_V_081;602506,02;7604549,62
PT_V_082;602587,83;7604507,71
PT_V_083;602650;7604569,39
PT_V_084;602758,53;7604620,13
PT_V_085;602798,73;7604758,71
PT_V_086;602733,35;7604908,79
PT_V_087;602780,78;7605117,15
PT_V_088;602762,45;7605165,11
PT_V_089;602585,43;7605200,15
PT_V_090;602398,53;7605300,21
PT_V_091;602261,81;7605687,49
PT_V_092;602149,87;7605752,04
PT_V_093;602179,13;7605827,87
PT_V_094;602087,89;7605855,76
PT_V_095;601955,59;7605987,06
PT_V_096;601707,15;7605972,75
PT_V_097;601738,96;7605894,77
PT_V_098;601661,14;7605894,78
PT_V_099;601588,44;7605789,77
PT_V_100;601598,88;7605748,6
PT_V_101;601521,49;7605777,83
PT_V_102;601521,81;7605709,4
PT_V_103;601496,02;7605772,31
PT_V_104;601520,23;7606257,27
PT_V_105;601578,26;7606344,59
PT_V_106;601534,86;7606512,87
PT_V_107;601610,53;7606824,56
PT_V_108;601558,77;7607131,17
PT_V_109;601558,33;7607429,21
PT_V_110;601323,02;7607504,48
PT_V_111;601150,77;7607500,46
PT_V_112;600909,28;7607605,62
PT_V_113;600951,93;7607752,04
PT_V_114;600858,26;7607815,42
PT_V_115;600849,4;7607875,53
PT_V_116;600819,45;7607876,94
PT_V_117;600845,89;7608017,98
PT_V_118;600770,44;7608012,83
PT_V_119;600666,8;7608108,09
PT_V_120;600508,21;7608095,59
PT_V_121;600604,84;7608295,38
PT_V_122;600828;7608346,75
PT_V_123;600941,19;7608333,9
PT_V_124;601198,31;7608468,76
PT_V_125;601282,87;7608499,3
PT_V_126;601449,18;7608405,34
PT_V_127;601540,87;7608417,51
PT_V_128;601773,5;7608360,67
PT_V_129;601914,38;7608206,99
PT_V_130;602068;7608167,34
PT_V_131;602297,86;7608014,23
PT_V_132;602450,24;7608003,76
PT_V_133;602514,35;7608209,55
PT_V_134;602578,38;7608241,76
PT_V_135;602656,86;7608423,81
PT_V_136;602984,07;7608512,95
PT_V_137;603070,11;7608487,99
PT_V_138;603090,01;7608597,53
PT_V_139;603117,54;7608570,05
PT_V_140;603152,4;7608614,86
PT_V_141;603251,65;7608621,15
PT_V_142;603269,75;7608640,04
PT_V_143;603304,05;7608628,88
PT_V_144;603367,35;7608671,46
PT_V_145;603412,64;7608657,86
PT_V_146;603446,92;7608681,46
PT_V_147;603560,39;7608679,16
PT_V_148;603570,39;7608689,16
PT_V_149;603580,39;7608699,16
PT_V_150;603590,39;7608709,16
PT_V_151;603600,39;7608719,16
PT_V_152;603610,39;7608729,16
PT_V_153;603620,39;7608739,16
PT_V_154;603630,39;7608749,16
PT_V_155;603640,39;7608759,16
PT_V_156;603650,39;7608769,16
PT_V_157;603660,39;7608779,16
PT_V_158;603670,39;7608789,16
PT_V_159;603680,39;7608799,16
PT_V_160;603690,39;7608809,16
PT_V_161;603700,39;7608819,16
PT_V_162;603710,39;7608829,16
PT_V_163;603720,39;7608839,16
PT_V_164;603730,39;7608849,16
PT_V_165;603740,39;7608859,16
PT_V_166;603750,39;7608869,16
PT_V_167;603760,39;7608879,16
PT_V_168;603770,39;7608889,16
PT_V_169;603780,39;7608899,16
PT_V_170;603790,39;7608909,16
PT_V_171;603800,39;7608919,16
PT_V_172;603810,39;7608929,16
PT_V_173;603820,39;7608939,16
PT_V_174;603830,39;7608949,16
PT_V_175;603840,39;7608959,16
PT_V_176;603850,39;7608969,16
PT_V_177;603860,39;7608979,16
PT_V_178;603870,39;7608989,16
PT_V_179;603880,39;7608999,16
PT_V_180;603890,39;7609009,16
PT_V_181;603900,39;7609019,16
PT_V_182;603910,39;7609029,16
PT_V_183;603920,39;7609039,16
PT_V_184;603930,39;7609049,16
PT_V_185;603940,39;7609059,16
PT_V_186;603950,39;7609069,16
PT_V_187;603960,39;7609079,16
PT_V_188;603970,39;7609089,16
PT_V_189;603980,39;7609099,16
PT_V_190;603990,39;7609109,16
PT_V_191;604000,39;7609119,16
PT_V_192;604010,39;7609129,16
PT_V_193;604020,39;7609139,16
PT_V_194;604030,39;7609149,16
PT_V_195;604040,39;7609159,16
PT_V_196;604050,39;7609169,16
PT_V_197;604060,39;7609179,16
PT_V_198;604070,39;7609189,16
PT_V_199;604080,39;7609199,16
PT_V_200;604090,39;7609209,16
PT_V_201;604100,39;7609219,16
PT_V_202;604110,39;7609229,16
PT_V_203;604120,39;7609239,16
PT_V_204;604130,39;7609249,16
PT_V_205;604140,39;7609259,16
PT_V_206;604150,39;7609269,16
PT_V_207;604160,39;7609279,16
PT_V_208;604170,39;7609289,16
PT_V_209;604180,39;7609299,16
PT_V_210;604190,39;7609309,16
PT_V_211;604200,39;7609319,16
PT_V_212;604210,39;7609329,16
PT_V_213;604220,39;7609339,16
PT_V_214;604230,39;7609349,16
PT_V_215;604240,39;7609359,16
PT_V_216;604250,39;7609369,16
PT_V_217;604260,39;7609379,16
PT_V_218;604270,39;7609389,16
PT_V_219;604280,39;7609399,16
PT_V_220;604290,39;7609409,16
PT_V_221;604300,39;7609419,16
PT_V_222;604310,39;7609429,16
PT_V_223;604320,39;7609439,16
PT_V_224;604330,39;7609449,16
PT_V_225;604340,39;7609459,16
PT_V_226;604350,39;7609469,16
PT_V_227;604360,39;7609479,16
PT_V_228;604370,39;7609489,16
PT_V_229;604380,39;7609499,16
PT_V_230;604390,39;7609509,16
PT_V_231;604400,39;7609519,16
PT_V_232;604410,39;7609529,16
PT_V_233;604420,39;7609539,16
PT_V_234;604430,39;7609549,16
PT_V_235;604440,39;7609559,16
PT_V_236;604450,39;7609569,16
PT_V_237;604460,39;7609579,16
PT_V_238;604470,39;7609589,16
PT_V_239;604480,39;7609599,16
PT_V_240;604490,39;7609609,16
PT_V_241;604500,39;7609619,16
PT_V_242;604510,39;7609629,16
PT_V_243;604520,39;7609639,16
PT_V_244;604530,39;7609649,16
PT_V_245;604540,39;7609659,16
PT_V_246;604550,39;7609669,16
PT_V_247;604560,39;7609679,16
PT_V_248;604570,39;7609689,16
PT_V_249;604580,39;7609699,16
PT_V_250;604590,39;7609709,16
PT_V_251;604600,39;7609719,16
PT_V_252;604610,39;7609729,16
PT_V_253;604620,39;7609739,16
PT_V_254;604630,39;7609749,16
PT_V_255;604640,39;7609759,16
PT_V_256;604650,39;7609769,16
PT_V_257;604660,39;7609779,16
PT_V_258;604670,39;7609789,16
PT_V_259;604680,39;7609799,16
PT_V_260;604690,39;7609809,16
PT_V_261;604700,39;7609819,16
PT_V_262;604710,39;7609829,16
PT_V_263;604720,39;7609839,16
PT_V_264;604730,39;7609849,16
PT_V_265;604740,39;7609859,16
PT_V_266;604750,39;7609869,16
PT_V_267;604760,39;7609879,16
PT_V_268;604770,39;7609889,16
PT_V_269;604780,39;7609899,16
PT_V_270;604790,39;7609909,16
PT_V_271;604800,39;7609919,16
PT_V_272;604810,39;7609929,16
PT_V_273;604820,39;7609939,16
PT_V_274;604830,39;7609949,16
PT_V_275;604840,39;7609959,16
PT_V_276;604850,39;7609969,16
PT_V_277;604860,39;7609979,16
PT_V_278;604870,39;7609989,16
PT_V_279;604880,39;7609999,16
PT_V_280;604890,39;7610009,16
PT_V_281;604900,39;7610019,16
PT_V_282;604910,39;7610029,16
PT_V_283;604920,39;7610039,16
PT_V_284;604930,39;7610049,16
PT_V_285;604940,39;7610059,16
PT_V_286;604950,39;7610069,16
PT_V_287;604960,39;7610079,16
PT_V_288;604970,39;7610089,16
PT_V_289;604980,39;7610099,16
PT_V_290;604990,39;7610109,16
PT_V_291;605000,39;7610119,16
PT_V_292;605010,39;7610129,16
PT_V_293;605020,39;7610139,16
PT_V_294;605030,39;7610149,16
PT_V_295;605040,39;7610159,16
PT_V_296;605050,39;7610169,16
PT_V_297;605060,39;7610179,16
PT_V_298;605070,39;7610189,16
PT_V_299;605080,39;7610199,16
PT_V_300;605090,39;7610209,16
PT_V_301;605100,39;7610219,16
PT_V_302;605110,39;7610229,16
PT_V_303;605120,39;7610239,16
PT_V_304;605130,39;7610249,16
PT_V_305;605140,39;7610259,16
PT_V_306;605150,39;7610269,16
PT_V_307;605160,39;7610279,16
PT_V_308;605170,39;7610289,16
PT_V_309;605180,39;7610299,16
PT_V_310;605190,39;7610309,16
PT_V_311;605200,39;7610319,16
PT_V_312;605210,39;7610329,16
PT_V_313;605220,39;7610339,16
PT_V_314;605230,39;7610349,16
PT_V_315;605240,39;7610359,16
PT_V_316;605250,39;7610369,16
PT_V_317;605260,39;7610379,16
PT_V_318;605270,39;7610389,16
PT_V_319;605280,39;7610399,16
PT_V_320;605290,39;7610409,16
PT_V_321;605300,39;7610419,16
PT_V_322;605310,39;7610429,16
PT_V_323;605320,39;7610439,16
PT_V_324;605330,39;7610449,16
PT_V_325;605340,39;7610459,16
PT_V_326;605350,39;7610469,16
PT_V_327;605360,39;7610479,16
PT_V_328;605370,39;7610489,16
PT_V_329;605380,39;7610499,16
PT_V_330;605390,39;7610509,16
PT_V_331;605400,39;7610519,16
PT_V_332;605410,39;7610529,16
PT_V_333;605420,39;7610539,16
PT_V_334;605430,39;7610549,16
PT_V_335;605440,39;7610559,16
PT_V_336;605450,39;7610569,16
PT_V_337;605460,39;7610579,16
PT_V_338;605470,39;7610589,16
PT_V_339;605480,39;7610599,16
PT_V_340;605490,39;7610609,16
PT_V_341;605500,39;7610619,16
PT_V_342;605510,39;7610629,16
PT_V_343;605520,39;7610639,16
PT_V_344;605530,39;7610649,16
PT_V_345;605540,39;7610659,16
PT_V_346;605550,39;7610669,16
PT_V_347;605560,39;7610679,16
PT_V_348;605570,39;7610689,16
PT_V_349;605580,39;7610699,16
PT_V_350;605590,39;7610709,16
PT_V_351;605600,39;7610719,16
PT_V_352;605610,39;7610729,16
PT_V_353;605620,39;7610739,16
PT_V_354;605630,39;7610749,16
PT_V_355;605640,39;7610759,16
PT_V_356;605650,39;7610769,16
PT_V_357;605660,39;7610779,16
PT_V_358;605670,39;7610789,16
PT_V_359;605680,39;7610799,16
PT_V_360;605690,39;7610809,16
PT_V_361;605700,39;7610819,16
PT_V_362;605710,39;7610829,16
PT_V_363;605720,39;7610839,16
PT_V_364;605730,39;7610849,16
PT_V_365;605740,39;7610859,16
PT_V_366;605750,39;7610869,16
PT_V_367;605760,39;7610879,16
PT_V_368;605770,39;7610889,16
PT_V_369;605780,39;7610899,16
PT_V_370;605790,39;7610909,16
PT_V_371;605800,39;7610919,16
PT_V_372;605810,39;7610929,16
PT_V_373;605820,39;7610939,16
PT_V_374;605830,39;7610949,16
PT_V_375;605840,39;7610959,16
PT_V_376;605850,39;7610969,16
PT_V_377;605860,39;7610979,16
PT_V_378;605870,39;7610989,16
PT_V_379;605880,39;7610999,16
PT_V_380;605890,39;7611009,16
PT_V_381;605900,39;7611019,16
PT_V_382;605910,39;7611029,16
PT_V_383;605920,39;7611039,16
PT_V_384;605930,39;7611049,16
PT_V_385;605940,39;7611059,16
PT_V_386;605950,39;7611069,16
PT_V_387;605960,39;7611079,16
PT_V_388;605970,39;7611089,16
PT_V_389;605980,39;7611099,16
PT_V_390;605990,39;7611109,16
PT_V_391;606000,39;7611119,16
PT_V_392;606010,39;7611129,16
PT_V_393;606020,39;7611139,16
PT_V_394;606030,39;7611149,16
PT_V_395;606040,39;7611159,16
PT_V_396;606050,39;7611169,16
PT_V_397;606060,39;7611179,16
PT_V_398;606070,39;7611189,16
PT_V_399;606080,39;7611199,16
PT_V_400;606090,39;7611209,16
PT_V_401;606100,39;7611219,16
PT_V_402;606110,39;7611229,16
PT_V_403;606120,39;7611239,16
PT_V_404;606130,39;7611249,16
PT_V_405;606140,39;7611259,16
PT_V_406;606150,39;7611269,16
PT_V_407;606160,39;7611279,16
PT_V_408;606170,39;7611289,16
PT_V_409;606180,39;7611299,16
PT_V_410;606190,39;7611309,16
PT_V_411;606200,39;7611319,16
PT_V_412;606210,39;7611329,16
PT_V_413;606220,39;7611339,16
PT_V_414;606230,39;7611349,16
PT_V_415;606240,39;7611359,16
PT_V_416;606250,39;7611369,16
PT_V_417;606260,39;7611379,16
PT_V_418;606270,39;7611389,16
PT_V_419;606280,39;7611399,16
PT_V_420;606290,39;7611409,16
PT_V_421;606300,39;7611419,16
PT_V_422;606310,39;7611429,16
PT_V_423;606320,39;7611439,16
PT_V_424;606330,39;7611449,16
PT_V_425;606340,39;7611459,16
PT_V_426;606350,39;7611469,16
PT_V_427;606360,39;7611479,16
PT_V_428;606370,39;7611489,16
PT_V_429;606380,39;7611499,16
PT_V_430;606390,39;7611509,16
PT_V_431;606400,39;7611519,16
PT_V_432;606410,39;7611529,16
PT_V_433;606420,39;7611539,16
PT_V_434;606430,39;7611549,16
PT_V_435;606440,39;7611559,16
PT_V_436;606450,39;7611569,16
PT_V_437;606460,39;7611579,16
PT_V_438;606470,39;7611589,16
PT_V_439;606480,39;7611599,16
PT_V_440;606490,39;7611609,16
PT_V_441;606500,39;7611619,16
PT_V_442;606510,39;7611629,16
PT_V_443;606520,39;7611639,16
PT_V_444;606530,39;7611649,16
PT_V_445;606540,39;7611659,16
PT_V_446;606550,39;7611669,16
PT_V_447;606560,39;7611679,16
PT_V_448;606570,39;7611689,16
PT_V_449;606580,39;7611699,16
PT_V_450;606590,39;7611709,16
PT_V_451;606600,39;7611719,16
PT_V_452;606610,39;7611729,16
PT_V_453;606620,39;7611739,16
PT_V_454;606630,39;7611749,16
PT_V_455;606640,39;7611759,16
PT_V_456;606650,39;7611769,16
PT_V_457;606660,39;7611779,16
PT_V_458;606670,39;7611789,16
PT_V_459;606680,39;7611799,16
PT_V_460;606690,39;7611809,16
PT_V_461;606700,39;7611819,16
PT_V_462;606710,39;7611829,16
PT_V_463;606720,39;7611839,16
PT_V_464;606730,39;7611849,16
PT_V_465;606740,39;7611859,16
PT_V_466;606750,39;7611869,16
PT_V_467;606760,39;7611879,16
PT_V_468;606770,39;7611889,16
PT_V_469;606780,39;7611899,16
PT_V_470;606790,39;7611909,16
PT_V_471;606800,39;7611919,16
PT_V_472;606810,39;7611929,16
PT_V_473;606820,39;7611939,16
PT_V_474;606830,39;7611949,16
PT_V_475;606840,39;7611959,16
PT_V_476;606850,39;7611969,16
PT_V_477;606860,39;7611979,16
PT_V_478;606870,39;7611989,16
PT_V_479;606880,39;7611999,16
PT_V_480;606890,39;7612009,16
PT_V_481;606900,39;7612019,16
PT_V_482;606910,39;7612029,16
PT_V_483;606920,39;7612039,16
PT_V_484;606930,39;7612049,16
PT_V_485;606940,39;7612059,16
PT_V_486;606950,39;7612069,16
PT_V_487;606960,39;7612079,16
PT_V_488;606970,39;7612089,16
PT_V_489;606980,39;7612099,16
PT_V_490;606990,39;7612109,16
PT_V_491;607000,39;7612119,16
PT_V_492;607010,39;7612129,16
PT_V_493;607020,39;7612139,16
PT_V_494;607030,39;7612149,16
PT_V_495;607040,39;7612159,16
PT_V_496;607050,39;7612169,16
PT_V_497;607060,39;7612179,16
PT_V_498;607070,39;7612189,16
PT_V_499;607080,39;7612199,16
PT_V_500;607090,39;7612209,16
PT_V_501;607100,39;7612219,16
PT_V_502;607110,39;7612229,16
PT_V_503;607120,39;7612239,16
PT_V_504;607130,39;7612249,16
PT_V_505;607140,39;7612259,16
PT_V_506;607150,39;7612269,16
PT_V_507;607160,39;7612279,16
PT_V_508;607170,39;7612289,16
PT_V_509;607180,39;7612299,16
PT_V_510;607190,39;7612309,16
PT_V_511;607200,39;7612319,16
PT_V_512;607210,39;7612329,16
PT_V_513;607220,39;7612339,16
PT_V_514;607230,39;7612349,16
PT_V_515;607240,39;7612359,16
PT_V_516;607250,39;7612369,16
PT_V_517;607260,39;7612379,16
PT_V_518;607270,39;7612389,16
PT_V_519;607280,39;7612399,16
PT_V_520;607290,39;7612409,16
PT_V_521;607300,39;7612419,16
PT_V_522;607310,39;7612429,16
PT_V_523;607320,39;7612439,16
PT_V_524;607330,39;7612449,16
PT_V_525;607340,39;7612459,16
PT_V_526;607350,39;7612469,16
PT_V_527;607360,39;7612479,16
PT_V_528;607370,39;7612489,16
PT_V_529;607380,39;7612499,16
PT_V_530;607390,39;7612509,16
PT_V_531;607400,39;7612519,16
PT_V_532;607410,39;7612529,16
PT_V_533;607420,39;7612539,16
PT_V_534;607430,39;7612549,16
PT_V_535;607440,39;7612559,16
PT_V_536;607450,39;7612569,16
PT_V_537;607460,39;7612579,16
PT_V_538;607470,39;7612589,16
PT_V_539;607480,39;7612599,16
PT_V_540;607490,39;7612609,16
PT_V_541;607500,39;7612619,16
PT_V_542;607510,39;7612629,16
PT_V_543;607520,39;7612639,16
PT_V_544;607530,39;7612649,16
PT_V_545;607540,39;7612659,16
PT_V_546;607550,39;7612669,16
PT_V_547;607560,39;7612679,16
PT_V_548;607570,39;7612689,16
PT_V_549;607580,39;7612699,16
PT_V_550;607590,39;7612709,16
PT_V_551;607600,39;7612719,16
PT_V_552;607610,39;7612729,16
PT_V_553;607620,39;7612739,16
PT_V_554;607630,39;7612749,16
PT_V_555;607640,39;7612759,16
PT_V_556;607650,39;7612769,16
PT_V_557;607660,39;7612779,16
PT_V_558;607670,39;7612789,16
PT_V_559;607680,39;7612799,16
PT_V_560;607690,39;7612809,16
PT_V_561;607700,39;7612819,16
PT_V_562;607710,39;7612829,16
PT_V_563;607720,39;7612839,16
PT_V_564;607730,39;7612849,16
PT_V_565;607740,39;7612859,16
PT_V_566;607750,39;7612869,16
PT_V_567;607760,39;7612879,16
PT_V_568;607770,39;7612889,16
PT_V_569;607780,39;7612899,16
PT_V_570;607790,39;7612909,16
PT_V_571;607800,39;7612919,16
PT_V_572;607810,39;7612929,16
PT_V_573;607820,39;7612939,16
PT_V_574;607830,39;7612949,16
PT_V_575;607840,39;7612959,16
PT_V_576;607850,39;7612969,16
PT_V_577;607860,39;7612979,16
PT_V_578;607870,39;7612989,16
PT_V_579;607880,39;7612999,16
PT_V_580;607890,39;7613009,16
PT_V_581;607900,39;7613019,16
PT_V_582;607910,39;7613029,16
PT_V_583;607920,39;7613039,16
PT_V_584;607930,39;7613049,16
PT_V_585;607940,39;7613059,16
PT_V_586;607950,39;7613069,16
PT_V_587;607960,39;7613079,16
PT_V_588;607970,39;7613089,16
PT_V_589;607980,39;7613099,16
PT_V_590;607990,39;7613109,16
PT_V_591;608000,39;7613119,16
PT_V_592;608010,39;7613129,16
PT_V_593;608020,39;7613139,16
PT_V_594;608030,39;7613149,16
PT_V_595;608040,39;7613159,16
PT_V_596;608050,39;7613169,16
PT_V_597;608060,39;7613179,16
PT_V_598;608070,39;7613189,16
PT_V_599;608080,39;7613199,16
PT_V_600;608090,39;7613209,16
PT_V_601;608100,39;7613219,16
PT_V_602;608110,39;7613229,16
PT_V_603;608120,39;7613239,16
PT_V_604;608130,39;7613249,16
PT_V_605;608140,39;7613259,16
PT_V_606;608150,39;7613269,16
PT_V_607;608160,39;7613279,16
PT_V_608;608170,39;7613289,16
PT_V_609;608180,39;7613299,16
PT_V_610;608190,39;7613309,16
PT_V_611;608200,39;7613319,16
PT_V_612;608210,39;7613329,16
PT_V_613;608220,39;7613339,16
PT_V_614;608230,39;7613349,16
PT_V_615;608240,39;7613359,16
PT_V_616;608250,39;7613369,16
PT_V_617;608260,39;7613379,16
PT_V_618;608270,39;7613389,16
PT_V_619;608280,39;7613399,16
PT_V_620;608290,39;7613409,16
PT_V_621;608300,39;7613419,16
PT_V_622;608310,39;7613429,16
PT_V_623;608320,39;7613439,16
PT_V_624;608330,39;7613449,16
PT_V_625;608340,39;7613459,16
PT_V_626;608350,39;7613469,16
PT_V_627;608360,39;7613479,16
PT_V_628;608370,39;7613489,16
PT_V_629;608380,39;7613499,16
PT_V_630;608390,39;7613509,16
PT_V_631;608400,39;7613519,16
PT_V_632;608410,39;7613529,16
PT_V_633;608420,39;7613539,16
PT_V_634;608430,39;7613549,16
PT_V_635;608440,39;7613559,16
PT_V_636;608450,39;7613569,16
PT_V_637;608460,39;7613579,16
PT_V_638;608470,39;7613589,16
PT_V_639;608480,39;7613599,16
PT_V_640;608490,39;7613609,16
PT_V_641;608500,39;7613619,16
PT_V_642;608510,39;7613629,16
PT_V_643;608520,39;7613639,16
PT_V_644;608530,39;7613649,16
PT_V_645;608540,39;7613659,16
PT_V_646;608550,39;7613669,16
PT_V_647;608560,39;7613679,16
PT_V_648;608570,39;7613689,16
PT_V_649;608580,39;7613699,16
PT_V_650;608590,39;7613709,16
PT_V_651;608600,39;7613719,16
PT_V_652;608610,39;7613729,16
PT_V_653;608620,39;7613739,16
PT_V_654;608630,39;7613749,16
PT_V_655;608640,39;7613759,16
PT_V_656;608650,39;7613769,16
PT_V_657;608660,39;7613779,16
PT_V_658;608670,39;7613789,16
PT_V_659;608680,39;7613799,16
PT_V_660;608690,39;7613809,16
PT_V_661;608700,39;7613819,16
PT_V_662;608710,39;7613829,16
PT_V_663;608720,39;7613839,16
PT_V_664;608730,39;7613849,16
PT_V_665;608740,39;7613859,16
PT_V_666;608750,39;7613869,16
PT_V_667;608760,39;7613879,16
PT_V_668;608770,39;7613889,16
PT_V_669;608780,39;7613899,16
PT_V_670;608790,39;7613909,16
PT_V_671;608800,39;7613919,16
PT_V_672;608810,39;7613929,16
PT_V_673;608820,39;7613939,16
PT_V_674;608830,39;7613949,16
PT_V_675;608840,39;7613959,16
PT_V_676;608850,39;7613969,16
PT_V_677;608860,39;7613979,16
PT_V_678;608870,39;7613989,16
PT_V_679;608880,39;7613999,16
PT_V_680;608890,39;7614009,16
PT_V_681;608900,39;7614019,16
PT_V_682;608910,39;7614029,16
PT_V_683;608920,39;7614039,16
PT_V_684;608930,39;7614049,16
PT_V_685;608940,39;7614059,16
PT_V_686;608950,39;7614069,16
PT_V_687;608960,39;7614079,16
PT_V_688;608970,39;7614089,16
PT_V_689;608980,39;7614099,16
PT_V_690;608990,39;7614109,16
PT_V_691;609000,39;7614119,16
PT_V_692;609010,39;7614129,16
PT_V_693;609020,39;7614139,16
PT_V_694;609030,39;7614149,16
PT_V_695;609040,39;7614159,16
PT_V_696;609050,39;7614169,16
PT_V_697;609060,39;7614179,16
PT_V_698;609070,39;7614189,16
PT_V_699;609080,39;7614199,16
PT_V_700;609090,39;7614209,16
PT_V_701;609100,39;7614219,16
PT_V_702;609110,39;7614229,16
PT_V_703;609120,39;7614239,16
PT_V_704;609130,39;7614249,16
PT_V_705;609140,39;7614259,16
PT_V_706;609150,39;7614269,16
PT_V_707;609160,39;7614279,16
PT_V_708;609170,39;7614289,16
PT_V_709;609180,39;7614299,16
PT_V_710;609190,39;7614309,16
PT_V_711;609200,39;7614319,16
PT_V_712;609210,39;7614329,16
PT_V_713;609220,39;7614339,16
PT_V_714;609230,39;7614349,16
PT_V_715;609240,39;7614359,16
PT_V_716;609250,39;7614369,16
PT_V_717;609260,39;7614379,16
PT_V_718;609270,39;7614389,16
PT_V_719;609280,39;7614399,16
PT_V_720;609290,39;7614409,16
PT_V_721;609300,39;7614419,16
PT_V_722;609310,39;7614429,16
PT_V_723;609320,39;7614439,16
PT_V_724;609330,39;7614449,16
PT_V_725;609340,39;7614459,16
PT_V_726;609350,39;7614469,16
PT_V_727;609360,39;7614479,16
PT_V_728;609370,39;7614489,16
PT_V_729;609380,39;7614499,16
PT_V_730;609390,39;7614509,16
PT_V_731;609400,39;7614519,16
PT_V_732;609410,39;7614529,16
PT_V_733;609420,39;7614539,16
PT_V_734;609430,39;7614549,16
PT_V_735;609440,39;7614559,16
PT_V_736;609450,39;7614569,16
PT_V_737;609460,39;7614579,16
PT_V_738;609470,39;7614589,16
PT_V_739;609480,39;7614599,16
PT_V_740;609490,39;7614609,16
PT_V_741;609500,39;7614619,16
PT_V_742;609510,39;7614629,16
PT_V_743;609520,39;7614639,16
PT_V_744;609530,39;7614649,16
PT_V_745;609540,39;7614659,16
PT_V_746;609550,39;7614669,16
PT_V_747;609560,39;7614679,16
PT_V_748;609570,39;7614689,16
PT_V_749;609580,39;7614699,16
PT_V_750;609590,39;7614709,16
PT_V_751;609600,39;7614719,16
PT_V_752;609610,39;7614729,16
PT_V_753;609620,39;7614739,16
PT_V_754;609630,39;7614749,16
PT_V_755;609640,39;7614759,16
PT_V_756;609650,39;7614769,16
PT_V_757;609660,39;7614779,16
PT_V_758;609670,39;7614789,16
PT_V_759;609680,39;7614799,16
PT_V_760;609690,39;7614809,16
PT_V_761;609700,39;7614819,16
PT_V_762;609710,39;7614829,16
PT_V_763;609720,39;7614839,16
PT_V_764;609730,39;7614849,16
PT_V_765;609740,39;7614859,16
PT_V_766;609750,39;7614869,16
PT_V_767;609760,39;7614879,16
PT_V_768;609770,39;7614889,16
PT_V_769;609780,39;7614899,16
PT_V_770;609790,39;7614909,16
PT_V_771;609800,39;7614919,16
PT_V_772;609810,39;7614929,16
PT_V_773;609820,39;7614939,16
PT_V_774;609830,39;7614949,16
PT_V_775;609840,39;7614959,16
PT_V_776;609850,39;7614969,16
PT_V_777;609860,39;7614979,16
PT_V_778;609870,39;7614989,16
PT_V_779;609880,39;7614999,16
PT_V_780;609890,39;7615009,16
PT_V_781;609900,39;7615019,16
PT_V_782;609910,39;7615029,16
PT_V_783;609920,39;7615039,16
PT_V_784;609930,39;7615049,16
PT_V_785;609940,39;7615059,16
PT_V_786;609950,39;7615069,16
PT_V_787;609960,39;7615079,16
PT_V_788;609970,39;7615089,16
PT_V_789;609980,39;7615099,16
PT_V_790;609990,39;7615109,16
PT_V_791;610000,39;7615119,16
PT_V_792;610010,39;7615129,16
PT_V_793;610020,39;7615139,16
PT_V_794;610030,39;7615149,16
PT_V_795;610040,39;7615159,16
PT_V_796;610050,39;7615169,16
PT_V_797;610060,39;7615179,16
PT_V_798;610070,39;7615189,16
PT_V_799;610080,39;7615199,16
PT_V_800;610090,39;7615209,16
PT_V_801;610100,39;7615219,16
PT_V_802;610110,39;7615229,16
PT_V_803;610120,39;7615239,16
PT_V_804;610130,39;7615249,16
PT_V_805;610140,39;7615259,16
PT_V_806;610150,39;7615269,16
PT_V_807;610160,39;7615279,16
PT_V_808;610170,39;7615289,16
PT_V_809;610180,39;7615299,16
PT_V_810;610190,39;7615309,16
PT_V_811;610200,39;7615319,16
PT_V_812;610210,39;7615329,16
PT_V_813;610220,39;7615339,16
PT_V_814;610230,39;7615349,16
PT_V_815;610240,39;7615359,16
PT_V_816;610250,39;7615369,16
PT_V_817;610260,39;7615379,16
PT_V_818;610270,39;7615389,16
PT_V_819;610280,39;7615399,16
PT_V_820;610290,39;7615409,16
PT_V_821;610300,39;7615419,16
PT_V_822;610310,39;7615429,16
PT_V_823;610320,39;7615439,16
PT_V_824;610330,39;7615449,16
PT_V_825;610340,39;7615459,16
PT_V_826;610350,39;7615469,16
PT_V_827;610360,39;7615479,16
PT_V_828;610370,39;7615489,16
PT_V_829;610380,39;7615499,16
PT_V_830;610390,39;7615509,16
PT_V_831;610400,39;7615519,16
PT_V_832;610410,39;7615529,16
PT_V_833;610420,39;7615539,16
PT_V_834;610430,39;7615549,16
PT_V_835;610440,39;7615559,16
PT_V_836;610450,39;7615569,16
PT_V_837;610460,39;7615579,16
PT_V_838;610470,39;7615589,16
PT_V_839;610480,39;7615599,16
PT_V_840;610490,39;7615609,16
PT_V_841;610500,39;7615619,16
PT_V_842;610510,39;7615629,16
PT_V_843;610520,39;7615639,16
PT_V_844;610530,39;7615649,16
PT_V_845;610540,39;7615659,16
PT_V_846;610550,39;7615669,16
PT_V_847;610560,39;7615679,16
PT_V_848;610570,39;7615689,16
PT_V_849;610580,39;7615699,16
PT_V_850;610590,39;7615709,16
PT_V_851;610600,39;7615719,16
PT_V_852;610610,39;7615729,16
PT_V_853;610620,39;7615739,16
PT_V_854;610630,39;7615749,16
PT_V_855;610640,39;7615759,16
PT_V_856;610650,39;7615769,16
PT_V_857;610660,39;7615779,16
PT_V_858;610670,39;7615789,16
PT_V_859;610680,39;7615799,16
PT_V_860;610690,39;7615809,16
PT_V_861;610700,39;7615819,16
PT_V_862;610710,39;7615829,16
PT_V_863;610720,39;7615839,16
PT_V_864;610730,39;7615849,16
PT_V_865;610740,39;7615859,16
PT_V_866;610750,39;7615869,16
PT_V_867;610760,39;7615879,16
PT_V_868;610770,39;7615889,16
PT_V_869;610780,39;7615899,16
PT_V_870;610790,39;7615909,16
PT_V_871;610800,39;7615919,16
PT_V_872;610810,39;7615929,16
PT_V_873;610820,39;7615939,16
PT_V_874;610830,39;7615949,16
PT_V_875;610840,39;7615959,16
PT_V_876;610850,39;7615969,16
PT_V_877;610860,39;7615979,16
PT_V_878;610870,39;7615989,16
PT_V_879;610880,39;7615999,16
PT_V_880;610890,39;7616009,16
PT_V_881;610900,39;7616019,16
PT_V_882;610910,39;7616029,16
PT_V_883;610920,39;7616039,16
PT_V_884;610930,39;7616049,16
PT_V_885;610940,39;7616059,16
PT_V_886;610950,39;7616069,16
PT_V_887;610960,39;7616079,16
PT_V_888;610970,39;7616089,16
PT_V_889;610980,39;7616099,16
PT_V_890;610990,39;7616109,16
PT_V_891;611000,39;7616119,16
PT_V_892;611010,39;7616129,16
PT_V_893;611020,39;7616139,16
PT_V_894;611030,39;7616149,16
PT_V_895;611040,39;7616159,16
PT_V_896;611050,39;7616169,16
PT_V_897;611060,39;7616179,16
PT_V_898;611070,39;7616189,16
PT_V_899;611080,39;7616199,16
PT_V_900;611090,39;7616209,16
PT_V_901;611100,39;7616219,16
PT_V_902;611110,39;7616229,16
PT_V_903;611120,39;7616239,16
PT_V_904;611130,39;7616249,16
PT_V_905;611140,39;7616259,16
PT_V_906;611150,39;7616269,16
PT_V_907;611160,39;7616279,16
PT_V_908;611170,39;7616289,16
PT_V_909;611180,39;7616299,16
PT_V_910;611190,39;7616309,16
PT_V_911;611200,39;7616319,16
PT_V_912;611210,39;7616329,16
PT_V_913;611220,39;7616339,16
PT_V_914;611230,39;7616349,16
PT_V_915;611240,39;7616359,16
PT_V_916;611250,39;7616369,16
PT_V_917;611260,39;7616379,16
PT_V_918;611270,39;7616389,16
PT_V_919;611280,39;7616399,16
PT_V_920;611290,39;7616409,16
PT_V_921;611300,39;7616419,16
PT_V_922;611310,39;7616429,16
PT_V_923;611320,39;7616439,16
PT_V_924;611330,39;7616449,16
PT_V_925;611340,39;7616459,16
PT_V_926;611350,39;7616469,16
PT_V_927;611360,39;7616479,16
PT_V_928;611370,39;7616489,16
PT_V_929;611380,39;7616499,16
PT_V_930;611390,39;7616509,16
PT_V_931;611400,39;7616519,16
PT_V_932;611410,39;7616529,16
PT_V_933;611420,39;7616539,16
PT_V_934;611430,39;7616549,16
PT_V_935;611440,39;7616559,16
PT_V_936;611450,39;7616569,16
PT_V_937;611460,39;7616579,16
PT_V_938;611470,39;7616589,16
PT_V_939;611480,39;7616599,16
PT_V_940;611490,39;7616609,16
PT_V_941;611500,39;7616619,16
PT_V_942;611510,39;7616629,16
PT_V_943;611520,39;7616639,16
PT_V_944;611530,39;7616649,16
PT_V_945;611540,39;7616659,16
PT_V_946;611550,39;7616669,16
PT_V_947;611560,39;7616679,16
PT_V_948;611570,39;7616689,16
PT_V_949;611580,39;7616699,16
PT_V_950;611590,39;7616709,16
PT_V_951;611600,39;7616719,16
PT_V_952;611610,39;7616729,16
PT_V_953;611620,39;7616739,16
PT_V_954;611630,39;7616749,16
PT_V_955;611640,39;7616759,16
PT_V_956;611650,39;7616769,16
PT_V_957;611660,39;7616779,16
PT_V_958;611670,39;7616789,16
PT_V_959;611680,39;7616799,16
PT_V_960;611690,39;7616809,16
PT_V_961;611700,39;7616819,16
PT_V_962;611710,39;7616829,16
PT_V_963;611720,39;7616839,16
PT_V_964;611730,39;7616849,16
PT_V_965;611740,39;7616859,16
PT_V_966;611750,39;7616869,16
PT_V_967;611760,39;7616879,16
PT_V_968;611770,39;7616889,16
PT_V_969;611780,39;7616899,16
PT_V_970;611790,39;7616909,16
PT_V_971;611800,39;7616919,16
PT_V_972;611810,39;7616929,16
PT_V_973;611820,39;7616939,16
PT_V_974;611830,39;7616949,16
PT_V_975;611840,39;7616959,16
PT_V_976;611850,39;7616969,16
PT_V_977;611860,39;7616979,16
PT_V_978;611870,39;7616989,16
PT_V_979;611880,39;7616999,16
PT_V_980;611890,39;7617009,16
PT_V_981;611900,39;7617019,16
PT_V_982;611910,39;7617029,16
PT_V_983;611920,39;7617039,16
PT_V_984;611930,39;7617049,16
PT_V_985;611940,39;7617059,16
PT_V_986;611950,39;7617069,16
PT_V_987;611960,39;7617079,16
PT_V_988;611970,39;7617089,16
PT_V_989;611980,39;7617099,16
PT_V_990;611990,39;7617109,16
PT_V_991;612000,39;7617119,16
PT_V_992;612010,39;7617129,16
PT_V_993;612020,39;7617139,16
PT_V_994;612030,39;7617149,16
PT_V_995;612040,39;7617159,16
PT_V_996;612050,39;7617169,16
PT_V_997;612060,39;7617179,16
PT_V_998;612070,39;7617189,16
PT_V_999;612080,39;7617199,16
PT_V_1000;612090,39;7617209,16
